Top queries,Clicks,Impressions,CTR,Position
nic haralambous,168,654,25.69%,1.48
cheesecake theory,34,502,6.77%,3.1
minki van der westhuizen nude,30,346,8.67%,9.47
nicholas haralambous,28,605,4.63%,5.46
snowflake society,26,1034,2.51%,5.69
camel new packaging,26,270,9.63%,3.43
nobody gives a shit about me,22,668,3.29%,4.58
mike joubert,20,643,3.11%,5.48
michael smollan,18,447,4.03%,5.66
parktown prawn,17,2375,0.72%,13.33
nobody gives a shit,15,1500,1%,7.9
nobody gives a shit about you,15,367,4.09%,4.13
minki van der westhuizen naked,15,228,6.58%,8.44
why do people turn off blue ticks,12,358,3.35%,5.11
how to kill a parktown prawn,12,165,7.27%,5.09
no one gives a shit about me,11,799,1.38%,6.89
pronto condoms,11,321,3.43%,4.92
achievement dysmorphia,8,332,2.41%,5.14
i forgot how to run,8,161,4.97%,7.82
haralambous,7,1654,0.42%,7.87
no one gives a shit about you,7,336,2.08%,5.82
greig jansen,7,253,2.77%,7.28
mike smollan,7,194,3.61%,6.28
how to get rid of parktown prawns,6,1333,0.45%,7.05
0114306000,6,417,1.44%,7.48
tashmia ismail,6,79,7.59%,13.01
how to get rid of parktown prawns naturally,5,67,7.46%,7.81
minki naked,5,32,15.62%,3.81
nokia n96,4,5299,0.08%,17.27
camel packaging,4,771,0.52%,7.33
nobody gives a damn about you,4,416,0.96%,6.92
socially acceptable behaviour,4,348,1.15%,9.5
kyle redelinghuys,4,253,1.58%,8.33
ory okolloh husband,4,133,3.01%,7.61
minki nude,4,63,6.35%,8.33
socially accepted behavior,3,343,0.87%,9.77
danie krugel,3,192,1.56%,17.07
slow hustle,3,34,8.82%,40.76
nick haralambous,3,22,13.64%,1.82
seth rotherham,3,12,25%,22.33
jack parow dans dans dans,2,432,0.46%,9.88
my coke fest 2009 lineup,2,352,0.57%,5.77
atheist bus campaign,2,346,0.58%,10.78
why do people turn off blue ticks on whatsapp,2,241,0.83%,6.89
frentor,2,240,0.83%,4.44
forgot how to run,2,228,0.88%,9.81
sam beckbessinger,2,226,0.88%,15.56
jaded ink,2,204,0.98%,10.97
advice for 40 year olds,2,181,1.1%,8.08
socially appropriate behavior,2,134,1.49%,56.19
sony bravia paint advert,2,123,1.63%,13.49
sony xperia phablet,2,104,1.92%,10.18
pronto condom,2,100,2%,7.22
socially acceptable behaviors,2,84,2.38%,9.96
fall out boy south africa,2,79,2.53%,6.95
taylor momsen nike ad,2,74,2.7%,11.18
leana de beer,2,7,28.57%,13.86
parktown prawn predators,2,2,100%,2
picasa web albums,1,1958,0.05%,23.4
n96 nokia,1,1374,0.07%,17.93
socially acceptable behavior,1,780,0.13%,12.06
how to keep parktown prawns out of the house,1,739,0.14%,9.14
add credit card as beneficiary,1,658,0.15%,10.29
life advice from a 40 year old,1,454,0.22%,8.43
snowflake society meaning,1,333,0.3%,9.2
it's just business meaning,1,298,0.34%,7.78
kill me stephen white,1,232,0.43%,9.35
no one gives a shit,1,230,0.43%,14.25
michael joubert,1,227,0.44%,8.53
technorati,1,224,0.45%,34.71
40 year old me,1,219,0.46%,3.6
life advice for 40 year olds,1,188,0.53%,9.25
just business meaning,1,184,0.54%,8.59
parktown prawns,1,181,0.55%,39.2
adrian saville,1,176,0.57%,15.24
modern day poets,1,173,0.58%,18.14
teazers,1,145,0.69%,44.26
flickr pro account,1,140,0.71%,12.1
teazers rivonia photos,1,135,0.74%,5.3
nobody gives a fuck about me,1,126,0.79%,11.68
avril lavigne drugs,1,118,0.85%,31.14
sony phablet,1,114,0.88%,11.69
how to kill prawns,1,92,1.09%,8.61
binnelanders time slot,1,92,1.09%,8.86
ory okolloh,1,91,1.1%,50.03
what the bleep do we know,1,89,1.12%,29.87
canadian snipers in afghanistan,1,73,1.37%,16
no body gives a shit,1,65,1.54%,6.38
nobody gives a fuck about you,1,59,1.69%,12.37
coke fest south africa,1,52,1.92%,7.25
burke urban dictionary,1,46,2.17%,14.63
blogs in south africa,1,38,2.63%,92.47
sony bravia bouncy balls making of,1,31,3.23%,21.23
cape town street parking rates,1,28,3.57%,9.21
rich mulholland,1,28,3.57%,33.21
movember timelapse,1,27,3.7%,4.15
coke fest 2009,1,27,3.7%,4.26
john webb carte blanche,1,25,4%,19.48
advice for 20 year olds,1,22,4.55%,34.05
advice from 40 year old to 30,1,21,4.76%,5.76
20 year old me,1,20,5%,8.9
how to kill parktown prawn,1,15,6.67%,9.07
mienkie van der westhuizen nude,1,14,7.14%,8.14
nobody gives a fuck,1,14,7.14%,41.21
what to do when your boyfriend blue ticks you,1,9,11.11%,14.44
what is a parktown prawn,1,6,16.67%,19.5
parktown prawn dangerous to humans,1,5,20%,2.2
parktown prawn life cycle,1,4,25%,2
glogspot,1,4,25%,4.25
vinny lingham animal,1,4,25%,32.75
i have no achievements,1,3,33.33%,20
parktown prawn diet,1,2,50%,2
no blue tick no last seen not overthinking,1,1,100%,28
parlotones,1,1,100%,109
samsung d900,0,2259,0%,10.59
bronchial spasms,0,1516,0%,52.69
my bloglog,0,1481,0%,57.38
nic stutt,0,1381,0%,9.02
absa internet banking,0,1148,0%,22.29
copyscape,0,1062,0%,72.29
google answers,0,787,0%,21.02
nikon d40,0,764,0%,45.76
nic moz live podcasts,0,719,0%,41.74
brandseye,0,717,0%,32.42
how to get rid of a parktown prawn,0,702,0%,6.27
picasa web album,0,674,0%,17.98
how do you get rid of parktown prawns,0,672,0%,6.03
how do i get rid of parktown prawns,0,663,0%,5.7
d900 samsung,0,662,0%,9.31
how to add your absa credit card as a beneficiary,0,565,0%,7.9
socially acceptable,0,559,0%,26.89
web albums,0,530,0%,38.29
how to add new beneficiary to absa internet banking,0,526,0%,29.05
9-5 hours,0,520,0%,33.14
absa listed beneficiaries,0,503,0%,27.47
life advice for 40 yr olds,0,498,0%,13.05
n96,0,491,0%,16.12
zeitgeist in a sentence,0,480,0%,36.05
absa add card,0,457,0%,34.69
account type beneficiary absa online,0,456,0%,60.02
side hustle books,0,451,0%,58
teazers rivonia,0,444,0%,10.57
absa pay beneficiary,0,440,0%,58.95
influential bloggers,0,439,0%,32.88
lolly jackson,0,421,0%,59.5
sixdegrees social network,0,417,0%,46.71
baby where'd you get that body from,0,405,0%,9.61
how to get internet banking on absa account,0,402,0%,52.36
blue ticks,0,401,0%,31.46
mybloglog,0,394,0%,63.53
how do i add a new card to my absa app,0,383,0%,67.56
why am i never satisfied with my accomplishments,0,379,0%,28.85
how to pay an absa credit card,0,379,0%,54.73
how do i add a new credit card to my absa app,0,377,0%,55.99
google blogreader,0,377,0%,89.12
absa internet security,0,371,0%,49.39
synthasite.com,0,371,0%,70.88
absa internet banking not working,0,360,0%,45.99
pay beneficiary absa,0,358,0%,53.97
amatomu,0,354,0%,6.39
activate my absa credit card for internet banking,0,350,0%,74.63
how to add beneficiary on absa atm app,0,349,0%,71.17
aisha pandor,0,340,0%,26.1
absa internet banking online,0,339,0%,34.95
how to link absa credit card to online banking,0,323,0%,47.09
blog directory,0,309,0%,60.8
customize myspace,0,304,0%,65.97
thumbnailpost,0,298,0%,29.98
absa internet banking login internet banking,0,286,0%,32.67
add beneficiary absa atm,0,273,0%,73.03
adding fnb credit card as beneficiary on absa banking,0,268,0%,41.85
lyrics i got it from my mama will.i.am,0,264,0%,9.14
internet banking absa,0,264,0%,30.81
picasa web,0,264,0%,39.05
absa how to pay credit card,0,263,0%,78.02
absa credit card internet banking,0,261,0%,65.18
absa internet logon,0,257,0%,26.6
tell me where you get your body from,0,254,0%,9.65
pay my credit card absa,0,252,0%,80.54
picasaweb,0,232,0%,40.35
absa how to add nedbank credit card as beneficiary,0,225,0%,34.64
cheap xbox360 games online,0,223,0%,66.87
how to check transaction history on beneficisry absa,0,218,0%,82.18
success.nic,0,213,0%,8.73
the bang bang club,0,210,0%,44.9
dslr d40,0,207,0%,45.53
vinny lingham,0,199,0%,55.06
work life bulshit,0,199,0%,154.17
pay into credit card account absa,0,196,0%,83.76
afghanistan sniper,0,193,0%,40.72
mydigitallife,0,189,0%,38.86
how to sign up for absa internet banking,0,189,0%,64.69
no one gives a shit about my life,0,187,0%,9.42
petrol debit card,0,187,0%,16.95
picasa web alben,0,180,0%,66.76
baby where you get your body from,0,176,0%,9.2
web album picasa,0,175,0%,40.27
bouncy ball advert,0,173,0%,20.35
absa online internet banking,0,173,0%,29.9
absa logon online,0,171,0%,73.75
adding nedbank credit card as beneficiary on absa,0,170,0%,33.78
d900 phone,0,169,0%,39.41
access picasa web albums,0,169,0%,57.88
absa online three months,0,169,0%,60.57
copyscape website,0,169,0%,62.51
absa internet,0,168,0%,31.8
picasa photo album,0,168,0%,50.94
jippii,0,168,0%,64.12
atheist bus,0,167,0%,17.86
log on absa internet banking,0,167,0%,60.45
how to pay absa credit card from another bank,0,167,0%,61
zeitgeist sentence,0,166,0%,25.91
sniper afghanistan,0,163,0%,48.57
best business coach of 2021,0,161,0%,75.04
absa mobile internet banking,0,158,0%,39.61
paulstamatiou.com,0,155,0%,48.33
nobody gives a damn about me,0,153,0%,9.2
budget mobile seo,0,153,0%,89.61
sony xperia z ultra 2,0,152,0%,16.87
picasa albums,0,151,0%,26.21
nobody give a shit,0,150,0%,7.73
google picasa web,0,148,0%,46.35
appelnic,0,147,0%,6.16
picasaweb album,0,147,0%,43.01
blog search directory,0,147,0%,79.72
screw it let's do it,0,139,0%,38.04
bang bang club,0,139,0%,58.68
escher sentences,0,138,0%,7.83
d40,0,138,0%,69.6
absa bank phishing,0,138,0%,75.86
pay on time,0,133,0%,88.32
fbml,0,132,0%,36.2
laughing inside,0,132,0%,52.32
picasa online album,0,132,0%,56.3
modest about my success,0,130,0%,6.55
fbml code,0,130,0%,74.48
myspace is better than facebook,0,129,0%,22.09
ananzi search engine,0,128,0%,8.55
socially appropriate,0,128,0%,19.03
sony bravia bouncy balls,0,128,0%,41.04
technorati top blogs,0,128,0%,56.42
nikon d40 dslr,0,126,0%,42.17
do fail learn repeat,0,125,0%,6.54
synthasite,0,124,0%,23.85
nikon d40 digital slr,0,124,0%,45.12
what is socially acceptable,0,123,0%,14.85
what is socially acceptable behavior,0,122,0%,10.33
samsung d900 phone,0,121,0%,41.45
absa internet login,0,120,0%,28.38
vinnylingham,0,120,0%,68.3
building a personal brand for side hustle,0,119,0%,52.16
web albums picasa,0,118,0%,37.26
absa online banking mobile,0,118,0%,56.42
southern hemisphere nations,0,117,0%,59.82
snipers in afghanistan,0,116,0%,40.95
google picasa web albums,0,115,0%,22.37
xperia z ultra 2,0,114,0%,41.48
park town prawn,0,113,0%,42.22
absa internet banking contact,0,113,0%,55.62
rattex,0,113,0%,74.83
fbml facebook,0,112,0%,63.04
what does burke mean,0,111,0%,30.22
picasa web photos,0,111,0%,47.23
thumbnailpost.com,0,110,0%,25.35
fbml example,0,110,0%,37.32
advice for someone turning 40,0,110,0%,67.03
what is bill account number on absa,0,110,0%,85.95
"""derek sivers"" ""lost"" ""home"" ""life savings""",0,107,0%,10.7
google picasa album,0,107,0%,37.06
picasa photo albums,0,107,0%,39.21
just business blog,0,106,0%,18.92
google wave jobs,0,106,0%,51.32
how to add nedbank credit card as beneficiary,0,106,0%,91.52
copyscape check,0,105,0%,33.65
richard mulholland speaker,0,104,0%,43.62
sexpo,0,104,0%,61.32
decline accomplishment,0,103,0%,9.9
no one gives a damn about me,0,103,0%,10.44
how to be socially acceptable,0,103,0%,21.36
tuneup itunes,0,103,0%,40.83
n96 phone,0,102,0%,48.01
what is a burke,0,101,0%,35.55
tilt shift maker,0,101,0%,53.5
nik rabinowitz,0,100,0%,33.96
burke definition,0,100,0%,57.08
absa how to register for internet banking,0,100,0%,75.5
where did you get your body from song,0,99,0%,9.61
myspace was better than facebook,0,99,0%,9.74
absa ib,0,99,0%,32.66
picasaweb albums,0,99,0%,37.03
bmw sucks,0,98,0%,11.01
application for discovery credit card,0,98,0%,63.07
pay absa credit card,0,98,0%,78.53
shit nobody cares about,0,97,0%,15.68
picasawebalbums,0,95,0%,25.06
shannon esra,0,94,0%,52.71
it's not over,0,94,0%,58.39
parktown prawns south africa,0,94,0%,65.84
absa internet banking user number,0,94,0%,83.8
web picasa album,0,93,0%,45.13
absa internet banking login problems,0,93,0%,63.37
absa absa internet banking,0,92,0%,28.76
sony bravia advert,0,92,0%,41.3
tune up media,0,92,0%,56.21
absa listed beneficiary,0,91,0%,24.23
white taxi,0,90,0%,8.06
about blog @everythingnewnet,0,90,0%,9.03
album picasa web,0,90,0%,33.17
www.absa internet banking,0,90,0%,37.67
copyscape.com,0,90,0%,73.91
zeitgeist in sentence,0,88,0%,37.31
absa internat,0,88,0%,40.86
six degrees social media,0,88,0%,51.6
adgators,0,87,0%,28.92
one trick pony peanut butter,0,87,0%,82.21
how to add a beneficiary on discovery bank,0,86,0%,9.92
where'd you get that body from i got it from my mama,0,86,0%,10.05
blogger own domain,0,86,0%,45.49
high faluted,0,85,0%,9.52
there probably is no god,0,85,0%,25.34
parktown prawn bite,0,85,0%,28.52
transfer custom domain blogger to wordpress,0,85,0%,76.74
being achievement,0,84,0%,11.73
nikon slr d40,0,84,0%,43.31
happiness treadmill,0,84,0%,54.7
parts of a corporation,0,84,0%,55.46
tell me where you get your body from song,0,83,0%,9
ananzi,0,83,0%,71.22
vida e cafe coffee,0,83,0%,96.59
"""picasa web albums""",0,82,0%,13.29
online banking absa,0,82,0%,39.54
gregsmithies,0,82,0%,40.01
log on to absa online banking,0,82,0%,54.89
shmaak,0,80,0%,16.46
picasa albums web,0,79,0%,42.63
album web picasa,0,79,0%,47.1
there's probably no god bus,0,78,0%,9.05
modern day poet,0,78,0%,15.19
d40 dslr,0,78,0%,44.23
how many hours is a 9-5,0,78,0%,57.19
wordpress microblog,0,78,0%,58.83
twamming,0,77,0%,5.42
nic rabinowitz,0,77,0%,5.77
abas internet banking,0,77,0%,31.18
how do you report spam emails to absa,0,77,0%,82.51
hemisphere sports,0,76,0%,7.36
bouncy balls advert,0,76,0%,38.61
tiltshiftmaker,0,75,0%,14.61
sony balls advert,0,75,0%,36.23
social networking and instant messaging accounts,0,74,0%,8.18
blue tick no reply,0,74,0%,14.81
last fm blog,0,74,0%,68.14
how to link discovery credit card to nedbank for eft,0,74,0%,85.2
what the bleep do we,0,73,0%,55.79
social media instant messaging,0,73,0%,56.27
google analytics issues,0,73,0%,76.44
one word answers,0,72,0%,28.61
dslr nikon d40,0,72,0%,40.47
socialwebworld,0,72,0%,70.32
customize flickr,0,72,0%,81.85
reasons you need a side hustle,0,72,0%,93.74
why was facebook better than myspace,0,71,0%,10.9
socially accepted,0,71,0%,27
absainternet banking,0,71,0%,27.3
google picasa,0,71,0%,69
absa online banking sign up,0,71,0%,79.79
adgator,0,70,0%,7.93
what bleep know,0,70,0%,48.7
picasa album web,0,69,0%,28.94
cracks in our foundation,0,69,0%,40.49
bronchitis spasms,0,69,0%,43.17
nikon d40 digital slr camera,0,69,0%,50.87
people dont give a shit,0,69,0%,58.99
acceptable behavior,0,69,0%,62.96
what is technorati,0,69,0%,66.9
blocks startup,0,69,0%,72.32
super mario bros bloopers,0,68,0%,16.46
30 seconds to mars lead singer,0,68,0%,30
sniper in afghanistan,0,68,0%,41.78
startup lessons entrepreneur,0,68,0%,43.66
absa credit card online,0,68,0%,78.37
not recognised for one's achievements,0,67,0%,7.67
how to add beneficiary on discovery bank,0,67,0%,10.19
album photo web picasa,0,67,0%,56.6
sweepsouth founder,0,66,0%,12.92
absa internet bamking,0,66,0%,27.85
absa intenet banking,0,66,0%,28.52
blue tick anxiety,0,65,0%,8.94
avid curiosity,0,65,0%,10.17
thumbnailpost com,0,65,0%,25.06
absa.internet banking,0,65,0%,25.29
what the bleep do,0,65,0%,63.86
how to turn off blue ticks on whatsapp,0,65,0%,73.65
absa credit card number,0,65,0%,78.06
who decline accomplishment,0,64,0%,8.77
tashmia,0,64,0%,10.56
picassa web albums,0,64,0%,19.86
absa internet bankin,0,64,0%,27.16
online absa banking,0,62,0%,49.56
mtn unlimited,0,62,0%,55.61
advice for men turning 40,0,62,0%,60.74
tell me where you got that body from,0,61,0%,10.67
zoopy,0,61,0%,37.41
difference between making money and earning money,0,61,0%,39.21
copyscape checker,0,61,0%,51
what is picasa web albums,0,60,0%,14.68
get your facts straight,0,60,0%,37.6
nikon d40 cost,0,60,0%,45.78
absa pay bill bill account number,0,60,0%,80.7
mobile hyper local,0,59,0%,35.17
use zeitgeist in a sentence,0,59,0%,36.34
trust is earned not given,0,59,0%,57.32
ipod touch hacks,0,58,0%,26.83
blog with custom domain,0,58,0%,33.41
working 9 hours a day,0,58,0%,43.83
hedonic adaption,0,58,0%,77.71
sony advert,0,57,0%,43.89
define burke,0,56,0%,31.07
foundation kate nash,0,56,0%,52.75
electronic arts trip hawkins,0,56,0%,86.38
it's just business,0,55,0%,12.8
how to start a side hustle book,0,55,0%,15.07
picassa web album,0,55,0%,16.4
9 5 hours,0,55,0%,19.87
pepsied,0,55,0%,28.07
sony bouncy balls,0,55,0%,32.51
9 to 5 hours,0,55,0%,49.51
mydl,0,55,0%,73.78
burk meaning,0,55,0%,85.45
20 years old me,0,54,0%,8.54
got it from my mama lyrics,0,53,0%,23.28
meaning of burke,0,53,0%,42.42
absa bank internet banking logon,0,53,0%,48.7
what are rss subscribers,0,53,0%,53.4
acceptable behaviour,0,53,0%,69.4
laugh inside,0,52,0%,11.1
how to use zeitgeist in a sentence,0,52,0%,38.13
google reader,0,52,0%,57.17
apple ipod touch review,0,52,0%,57.94
how do i add an account to my absa banking app,0,52,0%,75.25
free ericsson,0,52,0%,81.65
absa internet online banking,0,51,0%,27.35
absa bank internet banking,0,51,0%,41.65
googlethu,0,50,0%,1.06
one word answer,0,50,0%,25.32
hate monday,0,50,0%,53.92
pownce,0,50,0%,58.26
founder ea,0,50,0%,60.86
megan mackenzie south africa,0,49,0%,10.47
internet banking with absa,0,49,0%,26.67
magmypic,0,49,0%,44.82
absa logon,0,49,0%,72.98
how to close an absa credit card account,0,49,0%,78.63
coke fest,0,48,0%,18.17
myspace vs facebook,0,48,0%,28.85
how do we know movie,0,48,0%,31.15
bouncing balls advert,0,48,0%,36.08
flickr pro,0,48,0%,38.17
somebody gonna get hurt real bad,0,48,0%,38.73
d900 phones,0,48,0%,76.98
ema south africa,0,48,0%,85.81
coca cola zero fest,0,47,0%,8.68
alot is happening,0,47,0%,9.02
zeitgeist used in a sentence,0,47,0%,32.19
picasa web google,0,47,0%,34.19
picasaweb.google.com,0,47,0%,53.74
cokefest latest,0,47,0%,57.53
3 questions to ask,0,47,0%,71.17
picasa album,0,46,0%,33.85
web picasa albums,0,46,0%,35.59
nokia n96 phone,0,46,0%,37.48
modern day poetry,0,46,0%,40.37
itunes tuneup,0,46,0%,41.04
absa online security,0,46,0%,60.98
d40 nikon,0,46,0%,62.22
copy scape,0,46,0%,74.65
amagraph,0,45,0%,8.31
camel flavour,0,45,0%,10.07
canadian sniper afghanistan,0,45,0%,20.36
picasa webalbum,0,45,0%,25.76
google picasa web album,0,45,0%,32.71
absa credit card,0,45,0%,55.78
atheism christianity,0,45,0%,71.27
side hustle revolution,0,45,0%,77.78
burke meaning,0,45,0%,78.02
d900,0,44,0%,13.77
sweepsouth owner,0,44,0%,16.18
collective unconscious band,0,44,0%,21.93
what is google reader,0,44,0%,51.16
tuneup media,0,44,0%,61.52
absa sign up online banking,0,44,0%,73.93
where did you get that body from i got it from my mama,0,43,0%,10.16
nikefootball.com,0,43,0%,25.33
faluted,0,43,0%,33.21
i hate mondays,0,43,0%,79.16
mycoke fest 2009 location,0,42,0%,5.29
how to add credit card as beneficiary,0,42,0%,12.31
tuneupmedia,0,42,0%,16.76
get your facts right,0,42,0%,26.55
advert with bouncy balls,0,42,0%,43.83
what the bleep do we know movie,0,42,0%,44.38
just business,0,41,0%,33.59
picasa website,0,41,0%,37.07
picasa google web,0,41,0%,46.07
rattex poison,0,41,0%,57.22
how to logon to absa online,0,41,0%,65.76
discovery bank credit card,0,41,0%,83.93
baby where you get that body from,0,40,0%,7.9
camel flavoured cigarettes,0,40,0%,10.6
absa online banking,0,40,0%,24.15
self achievement,0,40,0%,37.08
nobody gives a damn,0,40,0%,39.38
"""google picasa""",0,40,0%,43.9
i hate monday,0,40,0%,47.6
blogroll definition,0,40,0%,57.02
blip.tv,0,40,0%,73.55
what to do when someone blueticks you on whatsapp,0,39,0%,6.9
is a snowflake living,0,39,0%,7.08
ifrenzy,0,39,0%,8.67
fantastic flop,0,39,0%,9.23
is just business,0,39,0%,10.21
acceptable behaviour in society,0,39,0%,24.92
six degrees social network,0,39,0%,40.54
answers google,0,39,0%,51.08
tune up itunes,0,39,0%,57.72
absa credit card payment options,0,39,0%,91.9
ipod touch ui,0,38,0%,8.21
sony paint advert,0,38,0%,22.79
sony bravia advert paint,0,38,0%,23.55
the slow hustle,0,38,0%,31.76
what the bleep do we know documentary,0,38,0%,35.58
who bought mxit?,0,38,0%,57.08
absa login to my account,0,38,0%,63.61
advice for turning 40,0,38,0%,83.63
samsung d9,0,37,0%,9.59
add beneficiary discovery bank,0,37,0%,9.86
nick rabinowitz,0,37,0%,17.35
samsung d 900,0,37,0%,20.51
web picasa,0,37,0%,40.68
blogger custom domain,0,37,0%,40.97
acceptable social behavior,0,37,0%,42.92
"""google picassa""",0,37,0%,43.54
try fail learn repeat,0,37,0%,43.57
picasa webalbums,0,37,0%,45.24
spastic bronchitis,0,37,0%,47.54
discover card account,0,37,0%,51.43
blue ticks bug,0,37,0%,76.16
whatsapp blue tick,0,37,0%,89.43
where'd you get that body from,0,36,0%,18.5
new camel,0,36,0%,27.36
what is a burk,0,36,0%,28.81
sony bravia paint,0,36,0%,33.08
sony z ultra 2,0,36,0%,33.86
achievement syndrome,0,36,0%,56.19
spamvertising,0,36,0%,69.33
picasaweb.com,0,36,0%,75.25
wikia search,0,36,0%,76.36
new camel cigarettes,0,35,0%,7.49
how to kill a prawn,0,35,0%,9.11
can you forget how to run,0,35,0%,9.4
top 10 countries in the southern hemisphere,0,35,0%,25.69
bouncing ball advert,0,35,0%,28.86
bouncy balls sony,0,35,0%,44.74
samsung d900 phones,0,35,0%,58.51
cliff gareth,0,35,0%,61.06
absa online logon,0,35,0%,62.89
be humble even after you achieve everything,0,35,0%,69.06
famous poets today,0,35,0%,70.14
buy domain for blogger,0,35,0%,75.37
how to pay discovery credit card nedbank,0,35,0%,95.66
one who talks of his own achievements,0,34,0%,10.59
does google own the internet,0,34,0%,11.38
taylor momsen's nike commercial controversy,0,34,0%,18.68
xperia phablet,0,34,0%,25.65
30 seconds to mars singer,0,34,0%,60.56
sxsw 2011,0,34,0%,61.15
nikon d40 review,0,34,0%,70.56
how to get my absa pin,0,34,0%,76.94
scott monument,0,34,0%,83.21
snitch in afrikaans,0,33,0%,10.76
"""picasa web""",0,33,0%,28.09
nikon d40 dslr camera,0,33,0%,46.91
today's poets,0,33,0%,47.97
naked bubble bath,0,33,0%,62.91
absa online internet banking customer support phone contact number 011,0,33,0%,68.06
google blogsearch,0,33,0%,68.27
guitarist andy mckee,0,33,0%,79.36
never hurt anyone,0,33,0%,85.42
never trust a person who gives you something for free,0,32,0%,9.72
ipod touch hack,0,32,0%,19.16
socially acceptable behavior examples,0,32,0%,27.84
sony bouncy ball ad,0,32,0%,37.75
www.absainternetbanking.co.za,0,32,0%,42.34
entrepreneur coach,0,32,0%,52.16
parktown prawn south africa,0,32,0%,53.28
free samsung d900,0,32,0%,57.59
top 100 2007 songs,0,32,0%,58.97
"fall out boy, musician/band",0,32,0%,81.59
what proof do i have when paying a beneficiary whit absa banking app,0,32,0%,87.56
local and mobile,0,32,0%,87.91
fatima meer and nelson mandela,0,31,0%,6.97
nobody gives,0,31,0%,16.55
no one gives a fuck about me,0,31,0%,18.35
wii vs ps3,0,31,0%,30.55
snowflake culture,0,31,0%,33.81
sony bravia ad,0,31,0%,42.84
cracks in our foundations,0,31,0%,45.58
what the do we know movie,0,31,0%,46.42
startup lessons,0,31,0%,60.06
madeleine van rooyen,0,31,0%,65.81
socially unacceptable behavior,0,31,0%,65.9
"""copyscape""",0,31,0%,74.32
absa.co.za internet banking,0,31,0%,89.48
fatima meer,0,31,0%,94.19
job waiting,0,30,0%,10.47
check your facts straight,0,30,0%,10.8
social acceptable,0,30,0%,23.83
turn off blue ticks,0,30,0%,27.07
snowflake community,0,30,0%,28.5
somebody gonna get a hurt real bad,0,30,0%,29.13
how to find a passion project,0,30,0%,29.5
holding onto the cracks in our foundation,0,30,0%,36.83
definition of burke,0,30,0%,45.1
sony bravia balls,0,30,0%,46.07
modern poets,0,30,0%,54.13
nikon d40 camera,0,30,0%,55.63
picasa site,0,30,0%,62.33
rss subscribers,0,30,0%,63.67
google blog directory,0,30,0%,74.3
when people achievement,0,29,0%,8.93
rumshot,0,29,0%,19.24
mossied,0,29,0%,24.17
absa internet banking login,0,29,0%,34.1
lead singer of 30 seconds to mars,0,29,0%,35.76
arranged marriage comic,0,29,0%,36.24
sony bravia balls advert,0,29,0%,41.31
why do some whatsapp ticks not turn blue,0,29,0%,49.41
africa andy mckee,0,29,0%,50
david bullard,0,29,0%,52.76
husayn kassai,0,29,0%,62.97
i hate christmas the grinch,0,29,0%,63.45
install evernote,0,29,0%,69.07
twenty year olds,0,29,0%,70.93
why did they change myspace,0,29,0%,88.48
"""king of the nerds"" trip hawkins the economist",0,28,0%,7.89
cocommet,0,28,0%,11.14
tinus le roux,0,28,0%,13.14
no one gives a damn,0,28,0%,30.14
sony bravia bouncing balls,0,28,0%,32.04
z ultra 2,0,28,0%,36.14
socially normal,0,28,0%,51.5
picasa web gallery,0,28,0%,53.11
socially unacceptable behaviour,0,28,0%,60.64
blueticks,0,28,0%,65.11
no blue ticks on whatsapp,0,28,0%,67.61
what the bleep we know movie,0,28,0%,71.79
hyper local mobile,0,28,0%,78.18
"screw it, let's do it",0,27,0%,2.7
nobody gives a shit about that,0,27,0%,4.85
dans dans dans,0,27,0%,7.59
mycoke fest 2009 location country,0,27,0%,9.15
treadmill of happiness,0,27,0%,14.41
blue tick me,0,27,0%,24.07
picasa web albuns,0,27,0%,28.26
bmw drivers,0,27,0%,32.96
blackberry storm downloads,0,27,0%,37.93
what is an rss subscriber,0,27,0%,44.19
taylor momsen parkour,0,27,0%,45.3
30 seconds to mars vocalist,0,27,0%,45.33
webalbums,0,27,0%,48.67
preloaded beneficiaries absa,0,27,0%,55.3
asba online banking help,0,27,0%,59.81
andy mckee africa,0,27,0%,62.19
absa log,0,27,0%,70.26
teasers rivonia,0,26,0%,5.23
minki van der westhuizen topless,0,26,0%,6.19
just a business,0,26,0%,8.31
mario bros bloopers,0,26,0%,18.96
blue ticked me,0,26,0%,25.92
myspacecom,0,26,0%,26.92
dstv advert,0,26,0%,28.38
live earth concert,0,26,0%,31.88
close flickr account,0,26,0%,50.19
internet banking helpdesk absa,0,26,0%,52.62
blogging custom domain,0,26,0%,57.69
google and picasa,0,26,0%,65.27
christianity atheism,0,26,0%,69.19
kulula.com,0,26,0%,72.62
why am i not surprised,0,25,0%,1
nobody gives a,0,25,0%,12.04
hellkom,0,25,0%,19.48
nokia n 96,0,25,0%,22.52
how to find your passion project,0,25,0%,23.92
happy comedian,0,25,0%,24.04
sony bravia advert balls,0,25,0%,28.44
media whore,0,25,0%,32.52
sony bouncy ball advert,0,25,0%,38.56
sony balls ad,0,25,0%,38.88
absa login online,0,25,0%,43.44
ipod touch review,0,25,0%,46.36
jen paris,0,25,0%,52.24
cash & nic,0,25,0%,59.72
what does the name burke mean,0,25,0%,72.96
absa scam helpline,0,25,0%,94.4
where you get your body from,0,24,0%,9.75
achievement how,0,24,0%,12.83
what is burk,0,24,0%,14.38
south africa sucks,0,24,0%,16.75
smoking in the rain,0,24,0%,23.08
south africa flag toilet paper,0,24,0%,23.46
lyrics i got it from my mama,0,24,0%,25.46
facebook vs myspace,0,24,0%,32.17
nikon d40 dslr camera price,0,24,0%,41.5
custom domain for blogger,0,24,0%,46.21
proud to be white,0,24,0%,46.79
sony balls,0,24,0%,48.79
nikon d40 price,0,24,0%,49.83
what the bleep do we know film,0,24,0%,54.04
4di capital,0,24,0%,75.38
foundation by kate nash,0,24,0%,103.38
googlewise,0,23,0%,9.43
motribe,0,23,0%,13.52
absa electronic banking,0,23,0%,31.57
laughing on the inside,0,23,0%,37.43
bobby skinstad family,0,23,0%,47.87
picasa web albums uploader,0,23,0%,48.04
sony tv advert,0,23,0%,52.65
picasaweb google,0,23,0%,53.65
the bang bang club book,0,23,0%,53.83
bob skinstad,0,23,0%,74.09
occasionally sentence,0,23,0%,74.57
absa card,0,23,0%,80.13
absa credit card cover,0,23,0%,83.57
nicharalambous.me,0,22,0%,1
sony bravia paint advert making of,0,22,0%,9.68
its just business,0,22,0%,15.36
"""kill me"" stephen white",0,22,0%,17.82
absa internetbanking,0,22,0%,19.36
nokia 96,0,22,0%,19.64
flickr subscription,0,22,0%,19.73
work life balance is bullshit,0,22,0%,21.73
what the bleep,0,22,0%,42.45
beatboxing girl,0,22,0%,48.18
picasa photos album,0,22,0%,49.41
6 degrees social media,0,22,0%,50.14
top 100 of 2007,0,22,0%,50.14
saddam hanged,0,22,0%,52.45
"intitle:""wired"" ""us"" ""magazine"" ""read"" ""online"" -wired.com -cover -print 
-newyorker -reddit -www.youtube.com -www.instagram.com -x.com -facebook.com",0,22,0%,55.77
limewire screenshot,0,22,0%,58.5
3 megapixels,0,22,0%,64.09
popular poets today,0,22,0%,65.86
crack ipod touch,0,22,0%,69.86
bronchial spasm,0,22,0%,73.05
picasa photo sharing,0,22,0%,81.05
one trick pony meaning,0,22,0%,90
blue tick on whatsapp,0,22,0%,91.41
wordpress.com custom domain,0,22,0%,91.86
teazers rivonia menu,0,21,0%,1.86
white taxi driver,0,21,0%,7.05
sucess.nic,0,21,0%,9.24
pronto sex,0,21,0%,10.38
achievement being,0,21,0%,13.86
fob band,0,21,0%,17.62
eyepost,0,21,0%,17.9
camel cigarettes new packaging,0,21,0%,19.9
blogger with custom domain,0,21,0%,30.76
phablet sony,0,21,0%,31.76
online banking with absa,0,21,0%,35.57
christmas in february,0,21,0%,35.95
finding a passion project,0,21,0%,36.81
absa online login banking,0,21,0%,41.43
google web albums,0,21,0%,42.95
100 songs of 2007,0,21,0%,43.19
what is six degrees social media,0,21,0%,47.29
spasmodic bronchitis,0,21,0%,55.24
famous poets of today,0,21,0%,59.76
manliner,0,21,0%,61.33
old mxit,0,21,0%,62.38
socially acceptable meaning,0,21,0%,67.14
what is acceptable behaviour,0,21,0%,69.48
screw it let's do it book,0,21,0%,77.24
www.absa online banking.co.za,0,21,0%,86
absa online banking problems,0,21,0%,89.19
rap on the knuckles,0,21,0%,90
absa setting an beneficiary atm,0,21,0%,90.33
what does 5am look like,0,21,0%,94
use years to reach new remain,0,20,0%,7.45
how to add beneficiary to discovery bank account,0,20,0%,10.5
phablet sony xperia z ultra,0,20,0%,18.2
parktown prawn size,0,20,0%,35.9
inspirational pictures funny,0,20,0%,40.5
famous modern day poets,0,20,0%,41.9
sony xperia smartwatch 2,0,20,0%,42.9
poets today,0,20,0%,43.65
socially unacceptable,0,20,0%,44.2
career limiting move,0,20,0%,46.65
absa internet banking logon,0,20,0%,47.1
friendship religion,0,20,0%,49.75
blogger com email,0,20,0%,55.35
i got another confession to make,0,20,0%,55.5
balls advert,0,20,0%,59.05
will i am i got it from my mama,0,20,0%,59.35
9-5 work hours,0,20,0%,60.65
whatsapp two blue ticks,0,20,0%,63.1
atheism blog,0,20,0%,71.5
absa how to unluck card usage,0,20,0%,89.95
when i am 40 years old,0,20,0%,91.45
mycoke fest 2009 lineup,0,19,0%,4.63
i hate blue ticks quotes,0,19,0%,9.11
jaded ink reviews,0,19,0%,10.11
last fm update,0,19,0%,11.95
google picasa albums,0,19,0%,15.63
there's probably no god,0,19,0%,16.95
burke means,0,19,0%,21.42
how many hours is a 9 5,0,19,0%,23.58
roam off vodacom,0,19,0%,24.68
define burk,0,19,0%,25.74
iam madeleine mccann,0,19,0%,32.79
woo nobody gives a,0,19,0%,38.05
"johal finding calm ""free download"" or ""read online""",0,19,0%,39.32
hustle and slow,0,19,0%,45.42
where does self worth come from,0,19,0%,45.89
paris in jail,0,19,0%,48.53
sony bouncing balls ad,0,19,0%,49.47
what is a 9-5,0,19,0%,49.53
price for nikon d40,0,19,0%,63.89
social network google,0,19,0%,65.74
blogspot directory,0,19,0%,69.11
buy xbox360 games,0,19,0%,69.42
how to turn blue ticks off on whatsapp,0,19,0%,79.53
smollan group ceo,0,19,0%,82.32
absa credit card number phone,0,19,0%,92.89
vida e cafe brand strategy,0,18,0%,6.17
jaded ink tattoo,0,18,0%,12.11
what's a burke,0,18,0%,12.28
tweekly,0,18,0%,16
kate nash accent,0,18,0%,23.44
poets of today,0,18,0%,32.17
sa rocks,0,18,0%,35.56
lead singer 30 seconds to mars,0,18,0%,36.33
bang bang club photos,0,18,0%,37.94
how to add beneficiary on absa app,0,18,0%,38.33
nikon d40 release date,0,18,0%,38.61
kulula website,0,18,0%,39.5
credit card absa,0,18,0%,40.5
greg smithies,0,18,0%,42.83
samsungd900,0,18,0%,44.94
top gear crashes,0,18,0%,50
arianna star,0,18,0%,51.11
absa bank fraud,0,18,0%,54.67
absa fraud,0,18,0%,59.06
her achievement,0,18,0%,64.61
movie high fidelity soundtrack,0,18,0%,69.67
german sprite,0,18,0%,71.44
40 is old,0,18,0%,75.28
thoughtpunch,0,18,0%,76.5
party poem,0,18,0%,79.33
thouse,0,18,0%,83.56
blogger directory,0,18,0%,83.67
band acceptance,0,18,0%,85.33
vernon koekemoer,0,18,0%,85.39
step by step how do i use absa banking app,0,18,0%,86
how do i verify online absa payment,0,18,0%,86.11
mobile local,0,18,0%,91
ron luce,0,18,0%,98.28
he ate my ice cream,0,17,0%,5.24
side hassle,0,17,0%,7.35
why does blog wired,0,17,0%,9.06
"""lost"" ""home"" ""life savings"" ""derek sivers""",0,17,0%,9.76
vida e caffé market positioning strategy,0,17,0%,10.71
parrot theory,0,17,0%,11.94
oldsa,0,17,0%,14.24
christof appel,0,17,0%,19.29
harry haralambous,0,17,0%,25.53
madeleine mccann blog,0,17,0%,29.65
thirty seconds to mars lead singer,0,17,0%,30.35
funny inspirational pictures,0,17,0%,35.41
what is burke,0,17,0%,38.47
socks media,0,17,0%,41
side hustle book,0,17,0%,41.41
myspace groups,0,17,0%,43.59
sprite commercial banned,0,17,0%,43.65
william i got it from my mama,0,17,0%,48.47
how to switch off blue ticks on whatsapp,0,17,0%,48.59
www.absa online banking,0,17,0%,49.29
what do bleep do we know,0,17,0%,51.24
bang bang club book,0,17,0%,54.41
bronchitis spasm,0,17,0%,59.06
whatsapp ticks not turning blue,0,17,0%,60
screw it lets do it,0,17,0%,61.41
christianity and atheism,0,17,0%,69.35
screw it just do it,0,17,0%,75
the bang club,0,17,0%,76.94
what monogamy,0,17,0%,79.18
picasa by google,0,17,0%,80.24
picasa picasa picasa,0,17,0%,87.35
mary haralambous,0,16,0%,3.19
howard mann,0,16,0%,3.5
slow fund,0,16,0%,6.69
damn busy,0,16,0%,7.44
plan in decades think in years,0,16,0%,9.81
9-5 hrs,0,16,0%,10.12
flock extension,0,16,0%,10.12
copper wire joke,0,16,0%,12.94
it’s just business,0,16,0%,13.81
10 for 20 at 40,0,16,0%,19.44
ooh nobody gives a shit,0,16,0%,19.69
where did you get your body from,0,16,0%,22.19
side hustle course,0,16,0%,33.62
bouncy ball ad,0,16,0%,35.56
stephen kill,0,16,0%,38.38
what the do we know,0,16,0%,38.56
what the bleep are we,0,16,0%,42.62
snipers afghanistan,0,16,0%,46.25
google's picasa,0,16,0%,50.62
community is the killer app,0,16,0%,51.38
samsung d900e,0,16,0%,55.56
answer.google,0,16,0%,56.12
why did working people get five day workweeks,0,16,0%,69.44
foundations kate nash,0,16,0%,69.5
"""sexpo""",0,16,0%,71.94
how to customize myspace,0,16,0%,73.38
what does socially acceptable mean,0,16,0%,78.56
evernote install,0,16,0%,82.62
white taxis,0,15,0%,6.33
blogger custom domain cost,0,15,0%,8.2
animal vinny lingham,0,15,0%,9
when no one gives a damn about you,0,15,0%,9.33
you burke,0,15,0%,11.07
aisha pandor sweepsouth,0,15,0%,12.33
bmw drivers are the worst,0,15,0%,14.2
journalist page,0,15,0%,18.13
nic comedian,0,15,0%,26.2
i got it from my mama song lyrics,0,15,0%,26.53
i get it from my mama lyrics,0,15,0%,27.73
how to add a beneficiary on absa app,0,15,0%,29.27
i got it from my momma lyrics,0,15,0%,30.27
www absa internet banking,0,15,0%,32.47
nikon dslr d40,0,15,0%,33.73
turn off blue ticks on whatsapp,0,15,0%,41.8
rob mcginnis,0,15,0%,46.8
thirty seconds to mars vocalist,0,15,0%,49.87
burk definition,0,15,0%,51.73
spasm bronchitis,0,15,0%,54.6
how do i read a message from absa,0,15,0%,54.8
techrunch,0,15,0%,57.27
eric edelstein,0,15,0%,59.67
picasa to google photos,0,15,0%,60.07
i got it from my mama song,0,15,0%,61.6
i hate christmas grinch,0,15,0%,68.93
how to load my nedbank credit card as a beneficiary,0,15,0%,75.53
locked out of absa internet banking,0,15,0%,87.2
register for absa online banking,0,15,0%,88.07
absa login issues,0,15,0%,88.4
party poems,0,15,0%,93.27
how to kill a shrimp,0,14,0%,2.79
why cant people acknowledge their accomplishments,0,14,0%,7.29
live earth concert lineup,0,14,0%,9.43
no more blue ticks on whatsapp,0,14,0%,9.93
30 seconds to mars blog,0,14,0%,12.43
#parktownprawn,0,14,0%,18.5
cancer shavathon,0,14,0%,18.93
blogger domains,0,14,0%,22.57
yossi hasson,0,14,0%,23.14
stoked surf school,0,14,0%,26.21
ijailbreak,0,14,0%,31.79
screw it let's do it meaning,0,14,0%,32
it's only business,0,14,0%,37
why do some whatsapp ticks not turn blue?,0,14,0%,38.21
no sense of accomplishment,0,14,0%,39.21
german sprite commercial,0,14,0%,40.21
sony paint commercial,0,14,0%,41.71
when someone downplays your achievements,0,14,0%,42.21
picasa web photo,0,14,0%,47.14
what was six degrees social media,0,14,0%,54.29
richard mulholland,0,14,0%,56.21
tiltshift maker,0,14,0%,57.93
directory of blogs,0,14,0%,60.07
absa online internet banking login,0,14,0%,61.29
a 40 year old,0,14,0%,62.71
google trends south africa,0,14,0%,63.21
acceptance band,0,14,0%,63.79
hassle vs hustle,0,14,0%,64.43
broncular spasms,0,14,0%,66.5
itunes hack,0,14,0%,66.64
40 old,0,14,0%,68.79
picasa web access,0,14,0%,70.21
all blog,0,14,0%,82.07
network instant messaging,0,14,0%,87.43
how to close absa credit card account,0,14,0%,87.71
asba credit,0,14,0%,89.07
blue ticks whatsapp,0,14,0%,89.43
tuneup companion,0,14,0%,91.64
google the answer,0,14,0%,93.57
south african blogger,0,14,0%,93.79
nelson mandela and fatima meer,0,13,0%,6.08
okgos,0,13,0%,8.15
twam meaning slang,0,13,0%,8.69
absa to discovery,0,13,0%,9.23
nothing personal just business meaning,0,13,0%,11.08